timestamp,city,temperature,humidity,wind_speed,weather
2024-11-10 13:35:52,Hospet,29.92,42,2.56,clear sky
2024-11-10 13:36:52,Hospet,29.92,42,2.56,clear sky
2024-11-10 13:37:53,Hospet,29.92,42,2.56,clear sky
2024-11-10 13:38:53,Hospet,29.9,42,2.64,clear sky
2024-11-10 13:39:53,Hospet,29.9,42,2.64,clear sky
2024-11-10 13:40:53,Hospet,29.9,42,2.64,clear sky
2024-11-10 13:41:53,Hospet,29.9,42,2.64,clear sky
2024-11-10 13:42:54,Hospet,29.92,42,2.56,clear sky
2024-11-10 13:43:54,Hospet,29.92,42,2.56,clear sky
2024-11-10 13:44:54,Hospet,29.92,42,2.56,clear sky
2024-11-10 13:45:55,Hospet,29.92,42,2.56,clear sky
2024-11-10 13:46:55,Hospet,29.92,42,2.56,clear sky
2024-11-10 13:47:55,Hospet,29.92,42,2.56,clear sky
2024-11-10 13:48:56,Hospet,29.92,42,2.56,clear sky
2024-11-10 13:49:56,Hospet,29.92,42,2.56,clear sky
2024-11-10 13:50:57,Hospet,29.92,42,2.56,clear sky
2024-11-10 13:51:57,Hospet,29.92,42,2.56,clear sky
2024-11-10 13:52:57,Hospet,29.92,42,2.56,clear sky
2024-11-10 13:53:58,Hospet,29.92,42,2.56,clear sky
2024-11-10 13:54:58,Hospet,29.92,42,2.56,clear sky
2024-11-10 13:55:58,Hospet,29.92,42,2.56,clear sky
2024-11-10 13:56:59,Hospet,29.92,42,2.56,clear sky
2024-11-10 13:57:59,Hospet,29.92,42,2.56,clear sky
2024-11-10 13:58:59,Hospet,29.92,42,2.56,clear sky
2024-11-10 13:59:59,Hospet,29.9,42,2.64,clear sky
2024-11-10 14:01:00,Hospet,29.92,42,2.56,clear sky
2024-11-10 14:02:00,Hospet,29.92,42,2.56,clear sky
2024-11-10 14:03:01,Hospet,29.92,42,2.56,clear sky
2024-11-10 14:04:01,Hospet,29.92,42,2.56,clear sky
2024-11-10 14:05:02,Hospet,30.38,40,2.53,clear sky
2024-11-10 14:06:02,Hospet,30.38,40,2.53,clear sky
2024-11-10 14:07:03,Hospet,30.38,40,2.53,clear sky
2024-11-10 14:08:03,Hospet,30.38,40,2.53,clear sky
2024-11-10 14:09:04,Hospet,30.38,40,2.53,clear sky
2024-11-10 14:10:04,Hospet,30.38,40,2.53,clear sky
2024-11-10 14:11:04,Hospet,30.38,40,2.53,clear sky
2024-11-10 14:12:05,Hospet,30.38,40,2.53,clear sky
2024-11-10 14:13:05,Hospet,30.38,40,2.53,clear sky
2024-11-10 14:14:06,Hospet,30.38,40,2.53,clear sky
2024-11-10 14:15:06,Hospet,30.35,39,2.57,clear sky
2024-11-10 14:16:06,Hospet,30.35,39,2.57,clear sky
2024-11-10 14:17:06,Hospet,30.35,39,2.57,clear sky
2024-11-10 14:18:06,Hospet,30.35,39,2.57,clear sky
2024-11-10 14:19:06,Hospet,30.35,39,2.57,clear sky
2024-11-10 14:20:07,Hospet,30.35,39,2.57,clear sky
2024-11-10 14:21:07,Hospet,30.38,40,2.53,clear sky
2024-11-10 14:22:07,Hospet,30.38,40,2.53,clear sky
2024-11-10 14:23:08,Hospet,30.38,40,2.53,clear sky
2024-11-10 14:24:08,Hospet,30.35,39,2.57,clear sky
2024-11-10 14:25:08,Hospet,30.35,39,2.57,clear sky
2024-11-10 14:26:08,Hospet,30.35,39,2.57,clear sky
2024-11-10 14:27:08,Hospet,30.38,40,2.53,clear sky
2024-11-10 14:28:09,Hospet,30.38,40,2.53,clear sky
2024-11-10 14:29:09,Hospet,30.38,40,2.53,clear sky
2024-11-10 14:30:09,Hospet,30.38,40,2.53,clear sky
2024-11-10 14:31:10,Hospet,30.38,40,2.53,clear sky
2024-11-10 14:32:10,Hospet,30.35,39,2.57,clear sky
2024-11-10 14:33:10,Hospet,30.35,39,2.57,clear sky
2024-11-10 14:34:10,Hospet,30.35,39,2.57,clear sky
2024-11-10 14:35:10,Hospet,30.35,39,2.57,clear sky
2024-11-10 14:36:11,Hospet,30.38,40,2.53,clear sky
2024-11-10 14:37:11,Hospet,30.38,40,2.53,clear sky
2024-11-10 14:38:11,Hospet,30.38,40,2.53,clear sky
2024-11-10 14:39:12,Hospet,30.38,40,2.53,clear sky
2024-11-10 14:40:12,Hospet,30.38,40,2.53,clear sky
2024-11-10 14:41:13,Hospet,30.38,40,2.53,clear sky
2024-11-10 14:42:13,Hospet,30.38,40,2.53,clear sky
2024-11-10 14:43:14,Hospet,30.38,40,2.53,clear sky
2024-11-10 14:44:14,Hospet,30.38,40,2.53,clear sky
2024-11-10 14:45:14,Hospet,30.38,40,2.53,clear sky
2024-11-10 14:46:14,Hospet,30.35,39,2.57,clear sky
2024-11-10 14:47:15,Hospet,30.35,39,2.57,clear sky
2024-11-10 14:48:15,Hospet,30.35,39,2.57,clear sky
2024-11-10 14:49:15,Hospet,30.35,39,2.57,clear sky
2024-11-10 14:50:15,Hospet,30.35,39,2.57,clear sky
2024-11-10 14:51:15,Hospet,30.35,39,2.57,clear sky
2024-11-10 14:52:16,Hospet,30.38,40,2.53,clear sky
2024-11-10 14:53:16,Hospet,30.38,40,2.53,clear sky
2024-11-10 14:54:17,Hospet,30.38,40,2.53,clear sky
2024-11-10 14:55:17,Hospet,30.38,40,2.53,clear sky
2024-11-10 14:56:17,Hospet,30.35,39,2.57,clear sky
2024-11-10 14:57:17,Hospet,30.35,39,2.57,clear sky
2024-11-10 14:58:17,Hospet,30.35,39,2.57,clear sky
2024-11-10 14:59:18,Hospet,30.35,39,2.57,clear sky
2024-11-10 15:00:18,Hospet,30.35,39,2.57,clear sky
2024-11-10 15:01:18,Hospet,30.48,39,3.35,clear sky
2024-11-10 15:02:18,Hospet,30.38,40,2.53,clear sky
2024-11-10 15:03:19,Hospet,30.48,39,3.35,clear sky
2024-11-10 15:04:19,Hospet,30.48,39,3.35,clear sky
2024-11-10 15:05:19,Hospet,30.48,39,3.35,clear sky
2024-11-10 15:06:20,Hospet,30.48,39,3.35,clear sky
2024-11-10 15:07:20,Hospet,30.48,39,3.35,clear sky
2024-11-10 15:08:20,Hospet,30.45,39,3.25,clear sky
2024-11-10 15:09:20,Hospet,30.45,39,3.25,clear sky
2024-11-10 15:10:21,Hospet,30.45,39,3.25,clear sky
2024-11-10 15:11:21,Hospet,30.45,39,3.25,clear sky
2024-11-10 15:12:21,Hospet,30.45,39,3.25,clear sky
2024-11-10 15:13:21,Hospet,30.45,39,3.25,clear sky
2024-11-10 15:14:21,Hospet,30.48,39,3.35,clear sky
2024-11-10 15:15:22,Hospet,30.48,39,3.35,clear sky
2024-11-10 15:16:22,Hospet,30.48,39,3.35,clear sky
2024-11-10 15:17:22,Hospet,30.48,39,3.35,clear sky
2024-11-10 15:18:23,Hospet,30.48,39,3.35,clear sky
2024-11-10 15:19:23,Hospet,30.45,39,3.25,clear sky
2024-11-10 15:20:23,Hospet,30.45,39,3.25,clear sky
2024-11-10 15:21:23,Hospet,30.45,39,3.25,clear sky
2024-11-10 15:22:23,Hospet,30.45,39,3.25,clear sky
2024-11-10 15:23:23,Hospet,30.45,39,3.25,clear sky
2024-11-10 15:24:24,Hospet,30.45,39,3.25,clear sky
2024-11-10 15:25:24,Hospet,30.48,39,3.35,clear sky
2024-11-10 15:26:24,Hospet,30.48,39,3.35,clear sky
2024-11-10 15:27:25,Hospet,30.48,39,3.35,clear sky
2024-11-10 15:28:25,Hospet,30.48,39,3.35,clear sky
2024-11-10 15:29:25,Hospet,30.48,39,3.35,clear sky
2024-11-10 15:30:26,Hospet,30.48,39,3.35,clear sky
2024-11-10 15:31:26,Hospet,30.48,39,3.35,clear sky
2024-11-10 15:32:26,Hospet,30.48,39,3.35,clear sky
2024-11-10 15:33:27,Hospet,30.48,39,3.35,clear sky
2024-11-10 15:34:27,Hospet,30.48,39,3.35,clear sky
2024-11-10 15:35:27,Hospet,30.48,39,3.35,clear sky
2024-11-10 15:36:28,Hospet,30.48,39,3.35,clear sky
2024-11-10 15:37:28,Hospet,30.48,39,3.35,clear sky
2024-11-10 15:38:29,Hospet,30.48,39,3.35,clear sky
2024-11-10 15:39:29,Hospet,30.48,39,3.35,clear sky
2024-11-10 15:40:29,Hospet,30.48,39,3.35,clear sky
2024-11-10 15:41:30,Hospet,30.48,39,3.35,clear sky
2024-11-10 15:42:30,Hospet,30.48,39,3.35,clear sky
2024-11-10 15:43:30,Hospet,30.48,39,3.35,clear sky
2024-11-10 15:44:30,Hospet,30.45,39,3.25,clear sky
2024-11-10 15:45:30,Hospet,30.45,39,3.25,clear sky
2024-11-10 15:46:31,Hospet,30.45,39,3.25,clear sky
2024-11-10 15:47:31,Hospet,30.45,39,3.25,clear sky
2024-11-10 15:48:31,Hospet,30.48,39,3.35,clear sky
2024-11-10 15:49:31,Hospet,30.48,39,3.35,clear sky
2024-11-10 15:50:32,Hospet,30.48,39,3.35,clear sky
2024-11-10 15:51:32,Hospet,30.48,39,3.35,clear sky
2024-11-10 15:52:33,Hospet,30.48,39,3.35,clear sky
2024-11-10 15:53:33,Hospet,30.48,39,3.35,clear sky
2024-11-10 15:54:33,Hospet,30.48,39,3.35,clear sky
2024-11-10 15:55:34,Hospet,30.48,39,3.35,clear sky
2024-11-10 15:56:34,Hospet,30.48,39,3.35,clear sky
2024-11-10 15:57:34,Hospet,30.48,39,3.35,clear sky
2024-11-10 15:58:35,Hospet,30.48,39,3.35,clear sky
2024-11-10 15:59:35,Hospet,30.48,39,3.35,clear sky
2024-11-10 16:00:35,Hospet,30.48,39,3.35,clear sky
2024-11-10 16:01:36,Hospet,30.45,39,3.25,clear sky
2024-11-10 16:02:36,Hospet,30.45,39,3.25,clear sky
2024-11-10 16:03:36,Hospet,30.45,39,3.25,clear sky
2024-11-10 16:04:36,Hospet,30.45,39,3.25,clear sky
2024-11-10 16:05:36,Hospet,29.97,42,4.28,clear sky
2024-11-10 16:06:37,Hospet,29.97,42,4.28,clear sky
2024-11-10 16:07:37,Hospet,29.97,42,4.28,clear sky
2024-11-10 16:08:37,Hospet,29.97,42,4.28,clear sky
2024-11-10 16:09:38,Hospet,29.97,42,4.28,clear sky
2024-11-10 16:10:38,Hospet,29.97,42,4.28,clear sky
2024-11-10 16:11:39,Hospet,29.97,42,4.28,clear sky
2024-11-10 16:12:39,Hospet,29.97,42,4.28,clear sky
2024-11-10 16:13:39,Hospet,29.97,42,4.28,clear sky
2024-11-10 16:14:39,Hospet,29.94,41,4.06,clear sky
2024-11-10 16:15:39,Hospet,29.94,41,4.06,clear sky
2024-11-10 16:16:40,Hospet,29.94,41,4.06,clear sky
2024-11-10 16:17:40,Hospet,29.97,42,4.28,clear sky
2024-11-10 16:18:40,Hospet,29.97,42,4.28,clear sky
2024-11-10 16:19:41,Hospet,29.97,42,4.28,clear sky
2024-11-10 16:20:41,Hospet,29.94,41,4.06,clear sky
2024-11-10 16:21:41,Hospet,29.94,41,4.06,clear sky
2024-11-10 16:22:41,Hospet,29.94,41,4.06,clear sky
2024-11-10 16:23:41,Hospet,29.94,41,4.06,clear sky
2024-11-10 16:24:41,Hospet,29.94,41,4.06,clear sky
2024-11-10 16:25:41,Hospet,29.94,41,4.06,clear sky
2024-11-10 16:26:42,Hospet,29.94,41,4.06,clear sky
2024-11-10 16:27:42,Hospet,29.94,41,4.06,clear sky
2024-11-10 16:28:42,Hospet,29.94,41,4.06,clear sky
2024-11-10 16:29:42,Hospet,29.94,41,4.06,clear sky
2024-11-10 16:30:42,Hospet,29.97,42,4.28,clear sky
2024-11-10 16:31:43,Hospet,29.97,42,4.28,clear sky
2024-11-10 16:32:43,Hospet,29.97,42,4.28,clear sky
2024-11-10 16:33:43,Hospet,29.97,42,4.28,clear sky
2024-11-10 16:34:44,Hospet,29.97,42,4.28,clear sky
2024-11-10 16:35:44,Hospet,29.97,42,4.28,clear sky
2024-11-10 16:36:44,Hospet,29.97,42,4.28,clear sky
2024-11-10 16:37:45,Hospet,29.97,42,4.28,clear sky
2024-11-10 16:38:45,Hospet,29.97,42,4.28,clear sky
2024-11-10 16:39:45,Hospet,29.94,41,4.06,clear sky
2024-11-10 16:40:45,Hospet,29.94,41,4.06,clear sky
2024-11-10 16:41:46,Hospet,29.97,42,4.28,clear sky
2024-11-10 16:42:46,Hospet,29.97,42,4.28,clear sky
2024-11-10 16:43:46,Hospet,29.97,42,4.28,clear sky
2024-11-10 16:44:47,Hospet,29.97,42,4.28,clear sky
2024-11-10 16:45:47,Hospet,29.97,42,4.28,clear sky
2024-11-10 16:46:48,Hospet,29.97,42,4.28,clear sky
2024-11-10 16:47:48,Hospet,29.97,42,4.28,clear sky
2024-11-10 16:48:48,Hospet,29.97,42,4.28,clear sky
2024-11-10 16:49:49,Hospet,29.97,42,4.28,clear sky
2024-11-10 16:50:49,Hospet,29.97,42,4.28,clear sky
2024-11-10 16:51:49,Hospet,29.97,42,4.28,clear sky
2024-11-10 16:52:50,Hospet,29.97,42,4.28,clear sky
2024-11-10 16:53:50,Hospet,29.97,42,4.28,clear sky
2024-11-10 16:54:50,Hospet,29.97,42,4.28,clear sky
2024-11-10 16:55:51,Hospet,29.97,42,4.28,clear sky
2024-11-10 16:56:51,Hospet,29.97,42,4.28,clear sky
2024-11-10 16:57:52,Hospet,29.97,42,4.28,clear sky
2024-11-10 16:58:52,Hospet,29.97,42,4.28,clear sky
2024-11-10 16:59:52,Hospet,29.97,42,4.28,clear sky
2024-11-10 17:00:53,Hospet,29.97,42,4.28,clear sky
2024-11-10 17:01:53,Hospet,27.86,49,3.95,clear sky
2024-11-10 17:02:53,Hospet,27.86,49,3.95,clear sky
2024-11-10 17:03:54,Hospet,27.86,49,3.95,clear sky
2024-11-10 17:04:54,Hospet,27.86,49,3.95,clear sky
2024-11-10 17:05:54,Hospet,27.86,49,3.95,clear sky
2024-11-10 17:06:55,Hospet,27.86,49,3.95,clear sky
2024-11-10 17:07:55,Hospet,27.86,49,3.95,clear sky
2024-11-10 17:08:55,Hospet,27.86,49,3.95,clear sky
2024-11-10 17:09:56,Hospet,27.86,49,3.95,clear sky
2024-11-10 17:10:56,Hospet,27.86,49,3.95,clear sky
2024-11-10 17:11:57,Hospet,27.86,49,3.95,clear sky
2024-11-10 17:12:57,Hospet,27.86,49,3.95,clear sky
2024-11-10 17:13:57,Hospet,27.31,50,3.48,clear sky
2024-11-10 17:14:57,Hospet,27.86,49,3.95,clear sky
2024-11-10 17:15:58,Hospet,27.86,49,3.95,clear sky
2024-11-10 17:16:58,Hospet,27.86,49,3.95,clear sky
2024-11-10 17:17:58,Hospet,27.86,49,3.95,clear sky
2024-11-10 17:18:59,Hospet,27.86,49,3.95,clear sky
2024-11-10 17:19:59,Hospet,27.31,50,3.48,clear sky
2024-11-10 17:20:59,Hospet,27.31,50,3.48,clear sky
2024-11-10 17:22:00,Hospet,27.86,49,3.95,clear sky
2024-11-10 17:23:00,Hospet,27.86,49,3.95,clear sky
2024-11-10 17:24:00,Hospet,27.86,49,3.95,clear sky
2024-11-10 17:25:01,Hospet,27.86,49,3.95,clear sky
2024-11-10 17:26:01,Hospet,27.31,50,3.48,clear sky
2024-11-10 17:27:01,Hospet,27.31,50,3.48,clear sky
2024-11-10 17:28:01,Hospet,27.31,50,3.48,clear sky
2024-11-10 17:29:01,Hospet,27.86,49,3.95,clear sky
2024-11-10 17:30:02,Hospet,27.31,50,3.48,clear sky
2024-11-10 17:31:02,Hospet,27.31,50,3.48,clear sky
2024-11-10 17:32:02,Hospet,27.31,50,3.48,clear sky
2024-11-10 17:33:02,Hospet,27.31,50,3.48,clear sky
2024-11-10 17:34:03,Hospet,27.31,50,3.48,clear sky
2024-11-10 17:35:03,Hospet,27.86,49,3.95,clear sky
2024-11-10 17:36:03,Hospet,27.86,49,3.95,clear sky
2024-11-10 17:37:04,Hospet,27.86,49,3.95,clear sky
2024-11-10 17:38:04,Hospet,27.86,49,3.95,clear sky
2024-11-10 17:39:04,Hospet,27.86,49,3.95,clear sky
2024-11-10 17:40:05,Hospet,27.86,49,3.95,clear sky
2024-11-10 17:41:05,Hospet,27.86,49,3.95,clear sky
2024-11-10 17:42:05,Hospet,27.31,50,3.48,clear sky
2024-11-10 17:43:06,Hospet,27.86,49,3.95,clear sky
2024-11-10 17:44:06,Hospet,27.31,50,3.48,clear sky
2024-11-10 17:45:06,Hospet,27.31,50,3.48,clear sky
2024-11-10 17:46:06,Hospet,27.31,50,3.48,clear sky
2024-11-10 17:47:06,Hospet,27.31,50,3.48,clear sky
2024-11-10 17:48:06,Hospet,27.86,49,3.95,clear sky
2024-11-10 17:49:07,Hospet,27.86,49,3.95,clear sky
2024-11-10 17:50:07,Hospet,27.86,49,3.95,clear sky
2024-11-10 17:51:07,Hospet,27.86,49,3.95,clear sky
2024-11-10 17:52:08,Hospet,27.86,49,3.95,clear sky
2024-11-10 17:53:08,Hospet,27.86,49,3.95,clear sky
2024-11-10 17:54:09,Hospet,27.86,49,3.95,clear sky
2024-11-10 17:55:09,Hospet,27.86,49,3.95,clear sky
2024-11-10 17:56:09,Hospet,27.86,49,3.95,clear sky
2024-11-10 17:57:09,Hospet,27.86,49,3.95,clear sky
2024-11-10 17:58:10,Hospet,27.86,49,3.95,clear sky
2024-11-10 17:59:10,Hospet,27.86,49,3.95,clear sky
2024-11-10 18:00:11,Hospet,27.86,49,3.95,clear sky
2024-11-10 18:01:11,Hospet,27.86,49,3.95,clear sky
2024-11-10 18:02:11,Hospet,27.86,49,3.95,clear sky
2024-11-10 18:03:11,Hospet,26.09,50,2.93,scattered clouds
2024-11-10 18:04:12,Hospet,27.86,49,3.95,clear sky
2024-11-10 18:05:12,Hospet,26.09,50,2.93,scattered clouds
2024-11-10 18:06:12,Hospet,26.09,50,2.93,scattered clouds
2024-11-10 18:07:12,Hospet,26.09,50,2.93,scattered clouds
2024-11-10 18:08:12,Hospet,26.09,50,2.93,scattered clouds
2024-11-10 18:09:12,Hospet,26.09,50,2.93,scattered clouds
2024-11-10 18:10:13,Hospet,26.7,48,3.6,few clouds
2024-11-10 18:11:13,Hospet,26.7,48,3.6,few clouds
2024-11-10 18:12:14,Hospet,26.7,48,3.6,few clouds
2024-11-10 18:13:14,Hospet,26.7,48,3.6,few clouds
2024-11-10 18:14:14,Hospet,26.09,50,2.93,scattered clouds
2024-11-10 18:15:14,Hospet,26.09,50,2.93,scattered clouds
2024-11-10 18:16:14,Hospet,26.09,50,2.93,scattered clouds
2024-11-10 18:17:14,Hospet,26.09,50,2.93,scattered clouds
2024-11-10 18:18:15,Hospet,26.09,50,2.93,scattered clouds
2024-11-10 18:19:15,Hospet,26.7,48,3.6,few clouds
2024-11-10 18:20:15,Hospet,26.7,48,3.6,few clouds
2024-11-10 18:21:16,Hospet,26.7,48,3.6,few clouds
2024-11-10 18:22:16,Hospet,26.7,48,3.6,few clouds
2024-11-10 18:23:16,Hospet,26.7,48,3.6,few clouds
2024-11-10 18:24:17,Hospet,26.7,48,3.6,few clouds
2024-11-10 18:25:17,Hospet,26.7,48,3.6,few clouds
2024-11-10 18:26:17,Hospet,26.7,48,3.6,few clouds
2024-11-10 18:27:18,Hospet,26.7,48,3.6,few clouds
2024-11-10 18:28:18,Hospet,26.7,48,3.6,few clouds
2024-11-10 18:29:18,Hospet,26.7,48,3.6,few clouds
2024-11-10 18:30:19,Hospet,26.7,48,3.6,few clouds
2024-11-10 18:31:19,Hospet,26.7,48,3.6,few clouds
2024-11-10 18:32:19,Hospet,26.7,48,3.6,few clouds
2024-11-10 18:33:20,Hospet,26.7,48,3.6,few clouds
2024-11-10 18:34:20,Hospet,26.09,50,2.93,scattered clouds
2024-11-10 18:35:20,Hospet,26.09,50,2.93,scattered clouds
2024-11-10 18:36:20,Hospet,26.7,48,3.6,few clouds
2024-11-10 18:37:21,Hospet,26.7,48,3.6,few clouds
2024-11-10 18:38:21,Hospet,26.7,48,3.6,few clouds
2024-11-10 18:39:22,Hospet,26.7,48,3.6,few clouds
2024-11-10 18:40:22,Hospet,26.7,48,3.6,few clouds
2024-11-10 18:41:22,Hospet,26.7,48,3.6,few clouds
2024-11-10 18:42:23,Hospet,26.7,48,3.6,few clouds
2024-11-10 18:43:23,Hospet,26.7,48,3.6,few clouds
2024-11-10 18:44:23,Hospet,26.7,48,3.6,few clouds
2024-11-10 18:45:24,Hospet,26.7,48,3.6,few clouds
2024-11-10 18:46:24,Hospet,26.7,48,3.6,few clouds
2024-11-10 18:47:24,Hospet,26.7,48,3.6,few clouds
2024-11-10 18:48:25,Hospet,26.7,48,3.6,few clouds
2024-11-10 18:49:25,Hospet,26.09,50,2.93,scattered clouds
2024-11-10 18:50:25,Hospet,26.09,50,2.93,scattered clouds
2024-11-10 18:51:25,Hospet,26.09,50,2.93,scattered clouds
2024-11-10 18:52:25,Hospet,26.09,50,2.93,scattered clouds
2024-11-10 18:53:25,Hospet,26.09,50,2.93,scattered clouds
2024-11-10 18:54:26,Hospet,26.09,50,2.93,scattered clouds
2024-11-10 18:55:26,Hospet,26.09,50,2.93,scattered clouds
2024-11-10 18:56:26,Hospet,26.09,50,2.93,scattered clouds
2024-11-10 18:57:26,Hospet,26.09,50,2.93,scattered clouds
2024-11-10 18:58:26,Hospet,26.7,48,3.6,few clouds
2024-11-10 18:59:27,Hospet,26.7,48,3.6,few clouds
2024-11-10 19:00:27,Hospet,26.7,48,3.6,few clouds
2024-11-10 19:01:27,Hospet,26.7,48,3.6,few clouds
2024-11-10 19:02:28,Hospet,26.7,48,3.6,few clouds
2024-11-10 19:03:28,Hospet,26.2,49,2.95,scattered clouds
2024-11-10 19:04:28,Hospet,26.2,49,2.95,scattered clouds
2024-11-10 19:05:29,Hospet,26.7,48,3.6,few clouds
2024-11-10 19:06:29,Hospet,26.7,48,3.6,few clouds
2024-11-10 19:07:29,Hospet,26.7,48,3.6,few clouds
2024-11-10 19:08:30,Hospet,26.2,49,2.95,scattered clouds
2024-11-10 19:09:30,Hospet,26.2,49,2.95,scattered clouds
2024-11-10 19:10:31,Hospet,26.2,49,2.95,scattered clouds
2024-11-10 19:11:31,Hospet,26.2,49,2.95,scattered clouds
2024-11-10 19:12:31,Hospet,26.2,49,2.95,scattered clouds
2024-11-10 19:13:32,Hospet,26.2,49,2.95,scattered clouds
2024-11-10 19:14:32,Hospet,26.2,49,2.95,scattered clouds
2024-11-10 19:15:32,Hospet,25.66,50,2.4,broken clouds
2024-11-10 19:16:32,Hospet,25.66,50,2.4,broken clouds
2024-11-10 19:17:32,Hospet,25.66,50,2.4,broken clouds
2024-11-10 19:18:32,Hospet,25.66,50,2.4,broken clouds
2024-11-10 19:19:33,Hospet,26.2,49,2.95,scattered clouds
2024-11-10 19:20:33,Hospet,26.2,49,2.95,scattered clouds
2024-11-10 19:21:34,Hospet,26.2,49,2.95,scattered clouds
2024-11-10 19:22:34,Hospet,26.2,49,2.95,scattered clouds
2024-11-10 19:23:34,Hospet,26.2,49,2.95,scattered clouds
2024-11-10 19:24:34,Hospet,25.66,50,2.4,broken clouds
2024-11-10 19:25:35,Hospet,25.66,50,2.4,broken clouds
2024-11-10 19:26:35,Hospet,25.66,50,2.4,broken clouds
2024-11-10 19:27:35,Hospet,25.66,50,2.4,broken clouds
2024-11-10 19:28:35,Hospet,25.66,50,2.4,broken clouds
2024-11-10 19:29:35,Hospet,25.66,50,2.4,broken clouds
2024-11-10 19:30:35,Hospet,25.66,50,2.4,broken clouds
2024-11-10 19:31:36,Hospet,25.66,50,2.4,broken clouds
2024-11-10 19:32:36,Hospet,25.66,50,2.4,broken clouds
2024-11-10 19:33:36,Hospet,25.66,50,2.4,broken clouds
2024-11-10 19:34:36,Hospet,26.2,49,2.95,scattered clouds
2024-11-10 19:35:37,Hospet,26.2,49,2.95,scattered clouds
2024-11-10 19:36:37,Hospet,26.2,49,2.95,scattered clouds
2024-11-10 19:37:38,Hospet,26.2,49,2.95,scattered clouds
2024-11-10 19:38:38,Hospet,26.2,49,2.95,scattered clouds
2024-11-10 19:39:39,Hospet,26.2,49,2.95,scattered clouds
2024-11-10 19:40:39,Hospet,26.2,49,2.95,scattered clouds
2024-11-10 19:41:40,Hospet,26.2,49,2.95,scattered clouds
2024-11-10 19:42:40,Hospet,26.2,49,2.95,scattered clouds
2024-11-10 19:43:40,Hospet,25.66,50,2.4,broken clouds
2024-11-10 19:44:41,Hospet,25.66,50,2.4,broken clouds
2024-11-10 19:45:41,Hospet,25.66,50,2.4,broken clouds
2024-11-10 19:46:41,Hospet,25.66,50,2.4,broken clouds
2024-11-10 19:47:41,Hospet,25.66,50,2.4,broken clouds
2024-11-10 19:48:42,Hospet,25.66,50,2.4,broken clouds
2024-11-10 19:49:42,Hospet,25.66,50,2.4,broken clouds
2024-11-10 19:50:43,Hospet,26.2,49,2.95,scattered clouds
2024-11-10 19:51:43,Hospet,26.2,49,2.95,scattered clouds
2024-11-10 19:52:43,Hospet,26.2,49,2.95,scattered clouds
2024-11-10 19:53:44,Hospet,26.2,49,2.95,scattered clouds
2024-11-10 19:54:44,Hospet,25.66,50,2.4,broken clouds
2024-11-10 19:55:44,Hospet,26.2,49,2.95,scattered clouds
2024-11-10 19:56:45,Hospet,26.2,49,2.95,scattered clouds
2024-11-10 19:57:45,Hospet,26.2,49,2.95,scattered clouds
2024-11-10 19:58:46,Hospet,26.2,49,2.95,scattered clouds
2024-11-10 19:59:46,Hospet,25.66,50,2.4,broken clouds
2024-11-10 20:00:46,Hospet,25.66,50,2.4,broken clouds
2024-11-10 20:01:46,Hospet,25.66,50,2.4,broken clouds
2024-11-10 20:02:46,Hospet,25.66,50,2.4,broken clouds
2024-11-10 20:03:47,Hospet,25.66,50,2.4,broken clouds
2024-11-10 20:04:47,Hospet,25.65,51,2.53,scattered clouds
2024-11-10 20:05:47,Hospet,25.65,51,2.53,scattered clouds
2024-11-10 20:06:48,Hospet,25.65,51,2.53,scattered clouds
2024-11-10 20:07:48,Hospet,25.65,51,2.53,scattered clouds
2024-11-10 20:08:48,Hospet,25.65,51,2.53,scattered clouds
2024-11-10 20:09:49,Hospet,25.65,51,2.53,scattered clouds
2024-11-10 20:10:49,Hospet,25.65,51,2.53,scattered clouds
2024-11-10 20:11:50,Hospet,25.65,51,2.53,scattered clouds
2024-11-10 20:12:50,Hospet,25.65,51,2.53,scattered clouds
2024-11-10 20:13:50,Hospet,25.65,51,2.53,scattered clouds
2024-11-10 20:14:51,Hospet,25.65,51,2.53,scattered clouds
2024-11-10 20:15:51,Hospet,25.65,51,2.53,scattered clouds
2024-11-10 20:16:51,Hospet,25.65,51,2.53,scattered clouds
2024-11-10 20:17:52,Hospet,25.65,51,2.53,scattered clouds
2024-11-10 20:18:52,Hospet,25.65,51,2.53,scattered clouds
2024-11-10 20:19:52,Hospet,25.65,51,2.53,scattered clouds
2024-11-10 20:20:53,Hospet,25.65,51,2.53,scattered clouds
2024-11-10 20:21:53,Hospet,25.65,51,2.53,scattered clouds
2024-11-10 20:22:53,Hospet,25.65,51,2.53,scattered clouds
2024-11-10 20:23:54,Hospet,25.65,51,2.53,scattered clouds
2024-11-10 20:24:54,Hospet,25.65,51,2.53,scattered clouds
2024-11-10 20:25:54,Hospet,25.65,51,2.53,scattered clouds
2024-11-10 20:26:55,Hospet,25.65,51,2.53,scattered clouds
2024-11-10 20:27:55,Hospet,25.65,51,2.53,scattered clouds
2024-11-10 20:28:56,Hospet,25.65,51,2.53,scattered clouds
2024-11-10 20:29:56,Hospet,25.65,51,2.53,scattered clouds
2024-11-10 20:30:56,Hospet,25.65,51,2.53,scattered clouds
2024-11-10 20:31:57,Hospet,25.65,51,2.53,scattered clouds
2024-11-10 20:32:57,Hospet,25.65,51,2.53,scattered clouds
2024-11-10 20:33:57,Hospet,25.3,51,1.83,broken clouds
2024-11-10 20:34:57,Hospet,25.3,51,1.83,broken clouds
2024-11-10 20:35:57,Hospet,25.3,51,1.83,broken clouds
2024-11-10 20:36:57,Hospet,25.3,51,1.83,broken clouds
2024-11-10 20:37:58,Hospet,25.3,51,1.83,broken clouds
2024-11-10 20:38:58,Hospet,25.65,51,2.53,scattered clouds
2024-11-10 20:39:58,Hospet,25.65,51,2.53,scattered clouds
2024-11-10 20:40:59,Hospet,25.65,51,2.53,scattered clouds
2024-11-10 20:41:59,Hospet,25.65,51,2.53,scattered clouds
2024-11-10 20:42:59,Hospet,25.3,51,1.83,broken clouds
2024-11-10 20:43:59,Hospet,25.3,51,1.83,broken clouds
2024-11-10 20:45:00,Hospet,25.3,51,1.83,broken clouds
2024-11-10 20:46:00,Hospet,25.3,51,1.83,broken clouds
2024-11-10 20:47:00,Hospet,25.65,51,2.53,scattered clouds
2024-11-10 20:48:00,Hospet,25.65,51,2.53,scattered clouds
2024-11-10 20:49:01,Hospet,25.65,51,2.53,scattered clouds
2024-11-10 20:50:01,Hospet,25.65,51,2.53,scattered clouds
2024-11-10 20:51:02,Hospet,25.65,51,2.53,scattered clouds
2024-11-10 20:52:02,Hospet,25.65,51,2.53,scattered clouds
2024-11-10 20:53:02,Hospet,25.65,51,2.53,scattered clouds
2024-11-10 20:54:03,Hospet,25.65,51,2.53,scattered clouds
2024-11-10 20:55:03,Hospet,25.65,51,2.53,scattered clouds
2024-11-10 20:56:03,Hospet,25.65,51,2.53,scattered clouds
2024-11-10 20:57:04,Hospet,25.65,51,2.53,scattered clouds
2024-11-10 20:58:04,Hospet,25.65,51,2.53,scattered clouds
2024-11-10 20:59:04,Hospet,25.65,51,2.53,scattered clouds
2024-11-10 21:00:05,Hospet,25.65,51,2.53,scattered clouds
2024-11-10 21:01:05,Hospet,25.11,52,2.33,scattered clouds
2024-11-10 21:02:06,Hospet,25.11,52,2.33,scattered clouds
2024-11-10 21:03:06,Hospet,25.65,51,2.53,scattered clouds
2024-11-10 21:04:06,Hospet,25.65,51,2.53,scattered clouds
2024-11-10 21:05:07,Hospet,25.65,51,2.53,scattered clouds
2024-11-10 21:06:07,Hospet,25.65,51,2.53,scattered clouds
2024-11-10 21:07:07,Hospet,25.65,51,2.53,scattered clouds
2024-11-10 21:08:08,Hospet,25.11,52,2.33,scattered clouds
2024-11-10 21:09:08,Hospet,25.11,52,2.33,scattered clouds
2024-11-10 21:10:08,Hospet,25.11,52,2.33,scattered clouds
2024-11-10 21:11:09,Hospet,25.11,52,2.33,scattered clouds
2024-11-10 21:12:09,Hospet,25.11,52,2.33,scattered clouds
2024-11-10 21:13:09,Hospet,25.11,52,2.33,scattered clouds
2024-11-10 21:14:10,Hospet,25.11,52,2.33,scattered clouds
2024-11-10 21:15:10,Hospet,25.11,52,2.33,scattered clouds
2024-11-10 21:16:10,Hospet,25.11,52,2.33,scattered clouds
2024-11-10 21:17:11,Hospet,25.11,52,2.33,scattered clouds
2024-11-10 21:18:11,Hospet,25.11,52,2.33,scattered clouds
2024-11-10 21:19:11,Hospet,25.11,52,2.33,scattered clouds
2024-11-10 21:20:12,Hospet,25.11,52,2.33,scattered clouds
2024-11-10 21:21:12,Hospet,25.11,52,2.33,scattered clouds
2024-11-10 21:22:13,Hospet,25.11,52,2.33,scattered clouds
2024-11-10 21:23:13,Hospet,25.11,52,2.33,scattered clouds
2024-11-10 21:24:13,Hospet,25.11,52,2.33,scattered clouds
2024-11-10 21:25:13,Hospet,25.11,50,1.93,broken clouds
2024-11-10 21:26:14,Hospet,25.11,50,1.93,broken clouds
2024-11-10 21:27:14,Hospet,25.11,50,1.93,broken clouds
2024-11-10 21:28:14,Hospet,25.11,52,2.33,scattered clouds
2024-11-10 21:29:14,Hospet,25.11,52,2.33,scattered clouds
2024-11-10 21:30:15,Hospet,25.11,50,1.93,broken clouds
2024-11-10 21:31:15,Hospet,25.11,50,1.93,broken clouds
2024-11-10 21:32:15,Hospet,25.11,50,1.93,broken clouds
2024-11-10 21:33:15,Hospet,25.11,52,2.33,scattered clouds
2024-11-10 21:34:15,Hospet,25.11,52,2.33,scattered clouds
2024-11-10 21:35:16,Hospet,25.11,52,2.33,scattered clouds
2024-11-10 21:36:16,Hospet,25.11,52,2.33,scattered clouds
2024-11-10 21:37:17,Hospet,25.11,52,2.33,scattered clouds
2024-11-10 21:38:17,Hospet,25.11,52,2.33,scattered clouds
2024-11-10 21:39:17,Hospet,25.11,52,2.33,scattered clouds
2024-11-10 21:40:18,Hospet,25.11,52,2.33,scattered clouds
2024-11-10 21:41:18,Hospet,25.11,52,2.33,scattered clouds
2024-11-10 21:42:18,Hospet,25.11,52,2.33,scattered clouds
2024-11-10 21:43:19,Hospet,25.11,52,2.33,scattered clouds
2024-11-10 21:44:19,Hospet,25.11,52,2.33,scattered clouds
2024-11-10 21:45:19,Hospet,25.11,52,2.33,scattered clouds
2024-11-10 21:46:20,Hospet,25.11,52,2.33,scattered clouds
2024-11-10 21:47:20,Hospet,25.11,52,2.33,scattered clouds
2024-11-10 21:48:21,Hospet,25.11,52,2.33,scattered clouds
2024-11-10 21:49:21,Hospet,25.11,52,2.33,scattered clouds
2024-11-10 21:50:21,Hospet,25.11,50,1.93,broken clouds
2024-11-10 21:51:21,Hospet,25.11,52,2.33,scattered clouds
2024-11-10 21:52:22,Hospet,25.11,52,2.33,scattered clouds
2024-11-10 21:53:22,Hospet,25.11,52,2.33,scattered clouds
2024-11-10 21:54:22,Hospet,25.11,50,1.93,broken clouds
2024-11-10 21:55:22,Hospet,25.11,50,1.93,broken clouds
2024-11-10 21:56:23,Hospet,25.11,50,1.93,broken clouds
2024-11-10 21:57:23,Hospet,25.11,50,1.93,broken clouds
2024-11-10 21:58:23,Hospet,25.11,50,1.93,broken clouds
2024-11-10 21:59:23,Hospet,25.11,50,1.93,broken clouds
2024-11-10 22:00:23,Hospet,24.46,53,2.47,broken clouds
2024-11-10 22:01:23,Hospet,24.61,54,2.09,scattered clouds
2024-11-10 22:02:24,Hospet,24.61,54,2.09,scattered clouds
2024-11-10 22:03:24,Hospet,24.61,54,2.09,scattered clouds
2024-11-10 22:04:25,Hospet,24.61,54,2.09,scattered clouds
2024-11-10 22:05:25,Hospet,24.61,54,2.09,scattered clouds
2024-11-10 22:06:25,Hospet,24.61,54,2.09,scattered clouds
2024-11-10 22:07:26,Hospet,24.61,54,2.09,scattered clouds
2024-11-10 22:08:26,Hospet,24.61,54,2.09,scattered clouds
2024-11-10 22:09:26,Hospet,24.61,54,2.09,scattered clouds
2024-11-10 22:10:27,Hospet,24.61,54,2.09,scattered clouds
2024-11-10 22:11:27,Hospet,24.61,54,2.09,scattered clouds
2024-11-10 22:12:27,Hospet,24.46,53,2.47,broken clouds
2024-11-10 22:13:27,Hospet,24.46,53,2.47,broken clouds
2024-11-10 22:14:27,Hospet,24.46,53,2.47,broken clouds
2024-11-10 22:15:28,Hospet,24.46,53,2.47,broken clouds
2024-11-10 22:16:28,Hospet,24.46,53,2.47,broken clouds
2024-11-10 22:17:28,Hospet,24.46,53,2.47,broken clouds
2024-11-10 22:18:28,Hospet,24.46,53,2.47,broken clouds
2024-11-10 22:19:28,Hospet,24.46,53,2.47,broken clouds
2024-11-10 22:20:28,Hospet,24.61,54,2.09,scattered clouds
2024-11-10 22:21:29,Hospet,24.61,54,2.09,scattered clouds
2024-11-10 22:22:29,Hospet,24.61,54,2.09,scattered clouds
2024-11-10 22:23:30,Hospet,24.61,54,2.09,scattered clouds
2024-11-10 22:24:30,Hospet,24.61,54,2.09,scattered clouds
2024-11-10 22:25:30,Hospet,24.61,54,2.09,scattered clouds
2024-11-10 22:26:31,Hospet,24.61,54,2.09,scattered clouds
2024-11-10 22:27:31,Hospet,24.61,54,2.09,scattered clouds
2024-11-10 22:28:31,Hospet,24.61,54,2.09,scattered clouds
2024-11-10 22:29:32,Hospet,24.61,54,2.09,scattered clouds
2024-11-10 22:30:32,Hospet,24.61,54,2.09,scattered clouds
2024-11-10 22:31:32,Hospet,24.61,54,2.09,scattered clouds
2024-11-10 22:32:33,Hospet,24.61,54,2.09,scattered clouds
2024-11-10 22:33:33,Hospet,24.61,54,2.09,scattered clouds
2024-11-10 22:34:34,Hospet,24.61,54,2.09,scattered clouds
2024-11-10 22:35:34,Hospet,24.61,54,2.09,scattered clouds
2024-11-10 22:36:34,Hospet,24.61,54,2.09,scattered clouds
2024-11-10 22:37:35,Hospet,24.61,54,2.09,scattered clouds
2024-11-10 22:38:35,Hospet,24.61,54,2.09,scattered clouds
2024-11-10 22:39:35,Hospet,24.61,54,2.09,scattered clouds
2024-11-10 22:40:36,Hospet,24.61,54,2.09,scattered clouds
2024-11-10 22:41:36,Hospet,24.61,54,2.09,scattered clouds
2024-11-10 22:42:36,Hospet,24.61,54,2.09,scattered clouds
2024-11-10 22:43:37,Hospet,24.61,54,2.09,scattered clouds
2024-11-10 22:44:37,Hospet,24.61,54,2.09,scattered clouds
2024-11-10 22:45:38,Hospet,24.61,54,2.09,scattered clouds
2024-11-10 22:46:38,Hospet,24.61,54,2.09,scattered clouds
2024-11-10 22:47:38,Hospet,24.61,54,2.09,scattered clouds
2024-11-10 22:48:39,Hospet,24.61,54,2.09,scattered clouds
2024-11-10 22:49:39,Hospet,24.61,54,2.09,scattered clouds
2024-11-10 22:50:39,Hospet,24.61,54,2.09,scattered clouds
2024-11-10 22:51:40,Hospet,24.61,54,2.09,scattered clouds
2024-11-10 22:52:40,Hospet,24.46,53,2.47,broken clouds
2024-11-10 22:53:40,Hospet,24.61,54,2.09,scattered clouds
2024-11-10 22:54:41,Hospet,24.61,54,2.09,scattered clouds
2024-11-10 22:55:41,Hospet,24.61,54,2.09,scattered clouds
2024-11-10 22:56:41,Hospet,24.61,54,2.09,scattered clouds
2024-11-10 22:57:42,Hospet,24.61,54,2.09,scattered clouds
2024-11-10 22:58:42,Hospet,24.61,54,2.09,scattered clouds
2024-11-10 22:59:42,Hospet,24.61,54,2.09,scattered clouds
2024-11-10 23:00:43,Hospet,24.61,54,2.09,scattered clouds
2024-11-10 23:01:43,Hospet,24.61,54,2.09,scattered clouds
2024-11-10 23:02:43,Hospet,24.61,54,2.09,scattered clouds
2024-11-10 23:03:44,Hospet,23.71,55,2.26,broken clouds
2024-11-10 23:04:44,Hospet,24.11,55,2,broken clouds
2024-11-10 23:05:44,Hospet,24.11,55,2,broken clouds
2024-11-10 23:06:45,Hospet,24.11,55,2,broken clouds
2024-11-10 23:07:45,Hospet,24.11,55,2,broken clouds
2024-11-10 23:08:45,Hospet,24.11,55,2,broken clouds
2024-11-10 23:09:46,Hospet,24.11,55,2,broken clouds
2024-11-10 23:10:46,Hospet,24.11,55,2,broken clouds
2024-11-10 23:11:46,Hospet,24.11,55,2,broken clouds
2024-11-10 23:12:47,Hospet,24.11,55,2,broken clouds
2024-11-10 23:13:47,Hospet,24.11,55,2,broken clouds
2024-11-10 23:14:47,Hospet,24.11,55,2,broken clouds
2024-11-10 23:15:48,Hospet,24.11,55,2,broken clouds
2024-11-10 23:16:48,Hospet,24.11,55,2,broken clouds
2024-11-10 23:17:48,Hospet,24.52,53,2.54,broken clouds
2024-11-10 23:18:49,Hospet,24.11,55,2,broken clouds
2024-11-10 23:19:49,Hospet,24.11,55,2,broken clouds
2024-11-10 23:20:49,Hospet,24.11,55,2,broken clouds
2024-11-10 23:21:50,Hospet,24.11,55,2,broken clouds
2024-11-10 23:22:50,Hospet,24.11,55,2,broken clouds
2024-11-10 23:23:51,Hospet,24.11,55,2,broken clouds
2024-11-10 23:24:51,Hospet,24.11,55,2,broken clouds
2024-11-10 23:25:51,Hospet,24.11,55,2,broken clouds
2024-11-10 23:26:52,Hospet,24.11,55,2,broken clouds
2024-11-10 23:27:52,Hospet,24.11,55,2,broken clouds
2024-11-10 23:28:52,Hospet,23.71,55,2.26,broken clouds
2024-11-10 23:29:52,Hospet,23.71,55,2.26,broken clouds
2024-11-10 23:30:52,Hospet,23.71,55,2.26,broken clouds
2024-11-10 23:31:52,Hospet,23.71,55,2.26,broken clouds
2024-11-10 23:32:53,Hospet,23.71,55,2.26,broken clouds
2024-11-10 23:33:53,Hospet,23.71,55,2.26,broken clouds
2024-11-10 23:34:53,Hospet,23.71,55,2.26,broken clouds
2024-11-10 23:35:53,Hospet,23.71,55,2.26,broken clouds
2024-11-10 23:36:53,Hospet,23.71,55,2.26,broken clouds
2024-11-10 23:37:53,Hospet,23.71,55,2.26,broken clouds
2024-11-10 23:38:53,Hospet,24.52,53,2.54,broken clouds
2024-11-10 23:39:54,Hospet,24.52,53,2.54,broken clouds
2024-11-10 23:40:54,Hospet,24.52,53,2.54,broken clouds
2024-11-10 23:41:54,Hospet,24.52,53,2.54,broken clouds
2024-11-10 23:42:54,Hospet,24.52,53,2.54,broken clouds
2024-11-10 23:43:54,Hospet,24.52,53,2.54,broken clouds
2024-11-10 23:44:54,Hospet,24.52,53,2.54,broken clouds
2024-11-10 23:45:54,Hospet,24.52,53,2.54,broken clouds
2024-11-10 23:46:54,Hospet,24.52,53,2.54,broken clouds
2024-11-10 23:47:55,Hospet,24.52,53,2.54,broken clouds
2024-11-10 23:48:55,Hospet,24.11,55,2,broken clouds
2024-11-10 23:49:55,Hospet,24.11,55,2,broken clouds
2024-11-10 23:50:56,Hospet,24.11,55,2,broken clouds
2024-11-10 23:51:56,Hospet,24.11,55,2,broken clouds
2024-11-10 23:52:56,Hospet,24.11,55,2,broken clouds
2024-11-10 23:53:57,Hospet,24.11,55,2,broken clouds
2024-11-10 23:54:57,Hospet,24.11,55,2,broken clouds
2024-11-10 23:55:57,Hospet,24.11,55,2,broken clouds
2024-11-10 23:56:58,Hospet,24.11,55,2,broken clouds
2024-11-10 23:57:58,Hospet,24.11,55,2,broken clouds
2024-11-10 23:58:58,Hospet,24.11,55,2,broken clouds
2024-11-10 23:59:59,Hospet,24.11,55,2,broken clouds
2024-11-11 00:00:59,Hospet,24.26,54,3.19,overcast clouds
2024-11-11 00:01:59,Hospet,24.26,54,3.19,overcast clouds
2024-11-11 00:02:59,Hospet,24.26,54,3.19,overcast clouds
2024-11-11 00:03:59,Hospet,24.26,54,3.19,overcast clouds
2024-11-11 00:04:59,Hospet,24.26,54,3.19,overcast clouds
2024-11-11 00:06:00,Hospet,24.26,54,3.19,overcast clouds
2024-11-11 00:07:00,Hospet,24.26,54,3.19,overcast clouds
2024-11-11 00:08:00,Hospet,24.03,54,2.53,overcast clouds
2024-11-11 00:09:00,Hospet,24.03,54,2.53,overcast clouds
2024-11-11 00:10:01,Hospet,24.03,54,2.53,overcast clouds
2024-11-11 00:11:01,Hospet,24.03,54,2.53,overcast clouds
2024-11-11 00:12:01,Hospet,24.26,54,3.19,overcast clouds
2024-11-11 00:13:02,Hospet,24.03,54,2.53,overcast clouds
2024-11-11 00:14:02,Hospet,24.03,54,2.53,overcast clouds
2024-11-11 00:15:02,Hospet,24.26,54,3.19,overcast clouds
2024-11-11 00:16:02,Hospet,24.26,54,3.19,overcast clouds
2024-11-11 00:17:02,Hospet,24.26,54,3.19,overcast clouds
2024-11-11 00:18:03,Hospet,24.03,54,2.53,overcast clouds
2024-11-11 00:19:03,Hospet,24.03,54,2.53,overcast clouds
2024-11-11 00:20:03,Hospet,24.03,54,2.53,overcast clouds
2024-11-11 00:21:04,Hospet,24.26,54,3.19,overcast clouds
2024-11-11 00:22:04,Hospet,24.26,54,3.19,overcast clouds
2024-11-11 00:23:04,Hospet,24.26,54,3.19,overcast clouds
2024-11-11 00:24:04,Hospet,24.26,54,3.19,overcast clouds
2024-11-11 00:25:04,Hospet,24.26,54,3.19,overcast clouds
2024-11-11 00:26:04,Hospet,24.26,54,3.19,overcast clouds
2024-11-11 00:27:04,Hospet,24.26,54,3.19,overcast clouds
2024-11-11 00:28:05,Hospet,24.26,54,3.19,overcast clouds
2024-11-11 00:29:05,Hospet,24.03,54,2.53,overcast clouds
2024-11-11 00:30:05,Hospet,24.03,54,2.53,overcast clouds
2024-11-11 00:31:06,Hospet,24.03,54,2.53,overcast clouds
2024-11-11 00:32:06,Hospet,24.03,54,2.53,overcast clouds
2024-11-11 00:33:06,Hospet,24.03,54,2.53,overcast clouds
2024-11-11 00:34:07,Hospet,24.03,54,2.53,overcast clouds
2024-11-11 00:35:07,Hospet,24.03,54,2.53,overcast clouds
2024-11-11 00:36:07,Hospet,24.03,54,2.53,overcast clouds
2024-11-11 00:37:08,Hospet,24.03,54,2.53,overcast clouds
2024-11-11 00:38:08,Hospet,24.03,54,2.53,overcast clouds
2024-11-11 00:39:08,Hospet,24.03,54,2.53,overcast clouds
2024-11-11 00:40:09,Hospet,24.03,54,2.53,overcast clouds
2024-11-11 00:41:09,Hospet,24.03,54,2.53,overcast clouds
2024-11-11 00:42:09,Hospet,24.03,54,2.53,overcast clouds
2024-11-11 00:43:10,Hospet,24.03,54,2.53,overcast clouds
2024-11-11 00:44:10,Hospet,24.03,54,2.53,overcast clouds
2024-11-11 00:45:10,Hospet,24.03,54,2.53,overcast clouds
2024-11-11 00:46:11,Hospet,24.03,54,2.53,overcast clouds
2024-11-11 00:47:11,Hospet,24.03,54,2.53,overcast clouds
2024-11-11 00:48:12,Hospet,24.03,54,2.53,overcast clouds
2024-11-11 00:49:12,Hospet,24.03,54,2.53,overcast clouds
2024-11-11 00:50:12,Hospet,24.03,54,2.53,overcast clouds
2024-11-11 00:51:13,Hospet,24.03,54,2.53,overcast clouds
2024-11-11 00:52:13,Hospet,24.26,54,3.19,overcast clouds
2024-11-11 00:53:13,Hospet,24.26,54,3.19,overcast clouds
2024-11-11 00:54:13,Hospet,24.03,54,2.53,overcast clouds
2024-11-11 00:55:13,Hospet,24.03,54,2.53,overcast clouds
2024-11-11 00:56:14,Hospet,24.03,54,2.53,overcast clouds
2024-11-11 00:57:14,Hospet,24.26,54,3.19,overcast clouds
2024-11-11 00:58:14,Hospet,24.26,54,3.19,overcast clouds
2024-11-11 00:59:14,Hospet,24.26,54,3.19,overcast clouds
2024-11-11 01:00:14,Hospet,24.26,54,3.19,overcast clouds
2024-11-11 01:01:14,Hospet,24.26,54,3.19,overcast clouds
2024-11-11 01:02:15,Hospet,23.19,58,3.73,overcast clouds
2024-11-11 01:03:15,Hospet,23.19,58,3.73,overcast clouds
2024-11-11 01:04:15,Hospet,23.19,58,3.73,overcast clouds
2024-11-11 01:05:15,Hospet,23.19,58,3.73,overcast clouds
2024-11-11 01:06:15,Hospet,23.19,58,3.73,overcast clouds
2024-11-11 01:07:15,Hospet,23.19,58,3.73,overcast clouds
2024-11-11 01:08:15,Hospet,23.19,58,3.73,overcast clouds
2024-11-11 01:09:16,Hospet,23.19,58,3.73,overcast clouds
2024-11-11 01:10:16,Hospet,23.35,56,3.42,overcast clouds
2024-11-11 01:11:16,Hospet,23.35,56,3.42,overcast clouds
2024-11-11 01:12:17,Hospet,23.35,56,3.42,overcast clouds
2024-11-11 01:13:17,Hospet,23.35,56,3.42,overcast clouds
2024-11-11 01:14:17,Hospet,23.35,56,3.42,overcast clouds
2024-11-11 01:15:18,Hospet,23.35,56,3.42,overcast clouds
2024-11-11 01:16:18,Hospet,23.35,56,3.42,overcast clouds
2024-11-11 01:17:18,Hospet,23.35,56,3.42,overcast clouds
2024-11-11 01:18:19,Hospet,23.19,58,3.73,overcast clouds
2024-11-11 01:19:19,Hospet,23.19,58,3.73,overcast clouds
2024-11-11 01:20:19,Hospet,23.19,58,3.73,overcast clouds
2024-11-11 01:21:19,Hospet,23.19,58,3.73,overcast clouds
2024-11-11 01:22:19,Hospet,23.35,56,3.42,overcast clouds
2024-11-11 01:23:19,Hospet,23.19,58,3.73,overcast clouds
2024-11-11 01:24:20,Hospet,23.19,58,3.73,overcast clouds
2024-11-11 01:25:20,Hospet,23.19,58,3.73,overcast clouds
2024-11-11 01:26:20,Hospet,23.19,58,3.73,overcast clouds
2024-11-11 01:27:20,Hospet,23.19,58,3.73,overcast clouds
2024-11-11 01:28:20,Hospet,23.35,56,3.42,overcast clouds
2024-11-11 01:29:21,Hospet,23.35,56,3.42,overcast clouds
2024-11-11 01:30:21,Hospet,23.35,56,3.42,overcast clouds
2024-11-11 01:31:21,Hospet,23.35,56,3.42,overcast clouds
2024-11-11 01:32:22,Hospet,23.19,58,3.73,overcast clouds
2024-11-11 01:33:22,Hospet,23.19,58,3.73,overcast clouds
2024-11-11 01:34:22,Hospet,23.19,58,3.73,overcast clouds
2024-11-11 01:35:22,Hospet,23.19,58,3.73,overcast clouds
2024-11-11 01:36:22,Hospet,23.19,58,3.73,overcast clouds
2024-11-11 01:37:23,Hospet,23.35,56,3.42,overcast clouds
2024-11-11 01:38:23,Hospet,23.19,58,3.73,overcast clouds
2024-11-11 01:39:23,Hospet,23.19,58,3.73,overcast clouds
2024-11-11 01:40:23,Hospet,23.19,58,3.73,overcast clouds
2024-11-11 01:41:23,Hospet,23.19,58,3.73,overcast clouds
2024-11-11 01:42:26,Hospet,23.19,58,3.73,overcast clouds
2024-11-11 01:43:26,Hospet,23.19,58,3.73,overcast clouds
2024-11-11 01:44:26,Hospet,23.19,58,3.73,overcast clouds
2024-11-11 01:45:26,Hospet,23.19,58,3.73,overcast clouds
2024-11-11 01:46:26,Hospet,23.35,56,3.42,overcast clouds
2024-11-11 01:47:27,Hospet,23.35,56,3.42,overcast clouds
2024-11-11 01:48:27,Hospet,23.19,58,3.73,overcast clouds
2024-11-11 01:49:27,Hospet,23.19,58,3.73,overcast clouds
2024-11-11 01:50:27,Hospet,23.19,58,3.73,overcast clouds
2024-11-11 01:51:28,Hospet,23.35,56,3.42,overcast clouds
2024-11-11 01:52:28,Hospet,23.35,56,3.42,overcast clouds
2024-11-11 01:53:28,Hospet,23.35,56,3.42,overcast clouds
2024-11-11 01:54:29,Hospet,23.35,56,3.42,overcast clouds
2024-11-11 01:55:29,Hospet,23.19,58,3.73,overcast clouds
2024-11-11 01:56:29,Hospet,23.19,58,3.73,overcast clouds
2024-11-11 01:57:29,Hospet,23.19,58,3.73,overcast clouds
2024-11-11 01:58:29,Hospet,23.19,58,3.73,overcast clouds
2024-11-11 01:59:29,Hospet,23.35,56,3.42,overcast clouds
2024-11-11 02:00:30,Hospet,23.35,56,3.42,overcast clouds
2024-11-11 02:01:30,Hospet,22.73,59,3.19,overcast clouds
2024-11-11 02:02:31,Hospet,22.73,59,3.19,overcast clouds
2024-11-11 02:03:31,Hospet,22.73,59,3.19,overcast clouds
2024-11-11 02:04:31,Hospet,22.73,59,3.19,overcast clouds
2024-11-11 02:05:31,Hospet,22.29,61,3.58,overcast clouds
2024-11-11 02:06:31,Hospet,22.29,61,3.58,overcast clouds
2024-11-11 02:07:32,Hospet,22.29,61,3.58,overcast clouds
2024-11-11 02:08:32,Hospet,22.29,61,3.58,overcast clouds
2024-11-11 02:09:32,Hospet,22.29,61,3.58,overcast clouds
2024-11-11 02:10:32,Hospet,22.29,61,3.58,overcast clouds
2024-11-11 02:11:32,Hospet,22.29,61,3.58,overcast clouds
2024-11-11 02:12:32,Hospet,22.29,61,3.58,overcast clouds
2024-11-11 02:13:32,Hospet,22.29,61,3.58,overcast clouds
2024-11-11 02:14:32,Hospet,22.29,61,3.58,overcast clouds
2024-11-11 02:15:33,Hospet,22.29,61,3.58,overcast clouds
2024-11-11 02:16:33,Hospet,22.29,61,3.58,overcast clouds
2024-11-11 02:17:33,Hospet,22.29,61,3.58,overcast clouds
2024-11-11 02:18:33,Hospet,22.29,61,3.58,overcast clouds
2024-11-11 02:19:33,Hospet,22.29,61,3.58,overcast clouds
2024-11-11 02:20:33,Hospet,22.29,61,3.58,overcast clouds
2024-11-11 02:21:34,Hospet,22.73,59,3.19,overcast clouds
2024-11-11 02:22:34,Hospet,22.73,59,3.19,overcast clouds
2024-11-11 02:23:34,Hospet,22.73,59,3.19,overcast clouds
2024-11-11 02:24:35,Hospet,22.73,59,3.19,overcast clouds
2024-11-11 02:25:35,Hospet,22.29,61,3.58,overcast clouds
2024-11-11 02:26:35,Hospet,22.29,61,3.58,overcast clouds
2024-11-11 02:27:35,Hospet,22.29,61,3.58,overcast clouds
2024-11-11 02:28:35,Hospet,22.29,61,3.58,overcast clouds
2024-11-11 02:29:36,Hospet,22.73,59,3.19,overcast clouds
2024-11-11 02:30:36,Hospet,22.73,59,3.19,overcast clouds
2024-11-11 02:31:36,Hospet,22.73,59,3.19,overcast clouds
2024-11-11 02:32:37,Hospet,22.73,59,3.19,overcast clouds
2024-11-11 02:33:37,Hospet,22.73,59,3.19,overcast clouds
2024-11-11 02:34:37,Hospet,22.73,59,3.19,overcast clouds
2024-11-11 02:35:38,Hospet,22.73,59,3.19,overcast clouds
2024-11-11 02:36:38,Hospet,22.73,59,3.19,overcast clouds
2024-11-11 02:37:38,Hospet,22.73,59,3.19,overcast clouds
2024-11-11 02:38:39,Hospet,22.73,59,3.19,overcast clouds
2024-11-11 02:39:39,Hospet,22.73,59,3.19,overcast clouds
2024-11-11 02:40:40,Hospet,22.73,59,3.19,overcast clouds
2024-11-11 02:41:40,Hospet,22.73,59,3.19,overcast clouds
2024-11-11 02:42:40,Hospet,22.29,61,3.58,overcast clouds
2024-11-11 02:43:40,Hospet,22.29,61,3.58,overcast clouds
2024-11-11 02:44:40,Hospet,22.29,61,3.58,overcast clouds
2024-11-11 02:45:41,Hospet,22.73,59,3.19,overcast clouds
2024-11-11 02:46:41,Hospet,22.73,59,3.19,overcast clouds
2024-11-11 02:47:42,Hospet,22.73,59,3.19,overcast clouds
2024-11-11 02:48:42,Hospet,22.29,61,3.58,overcast clouds
2024-11-11 02:49:42,Hospet,22.73,59,3.19,overcast clouds
2024-11-11 02:50:42,Hospet,22.73,59,3.19,overcast clouds
2024-11-11 02:51:43,Hospet,22.73,59,3.19,overcast clouds
2024-11-11 02:52:43,Hospet,22.73,59,3.19,overcast clouds
2024-11-11 02:53:43,Hospet,22.29,61,3.58,overcast clouds
2024-11-11 02:54:43,Hospet,22.29,61,3.58,overcast clouds
2024-11-11 02:55:44,Hospet,22.29,61,3.58,overcast clouds
2024-11-11 02:56:44,Hospet,22.29,61,3.58,overcast clouds
2024-11-11 02:57:44,Hospet,22.29,61,3.58,overcast clouds
2024-11-11 02:58:44,Hospet,22.29,61,3.58,overcast clouds
2024-11-11 02:59:44,Hospet,22.29,61,3.58,overcast clouds
2024-11-11 03:00:44,Hospet,22.29,61,3.58,overcast clouds
2024-11-11 03:01:44,Hospet,22.29,61,3.58,overcast clouds
2024-11-11 03:02:44,Hospet,22.29,61,3.58,overcast clouds
2024-11-11 03:03:45,Hospet,22.42,62,3.16,overcast clouds
2024-11-11 03:04:45,Hospet,22.42,62,3.16,overcast clouds
2024-11-11 03:05:46,Hospet,22.42,62,3.16,overcast clouds
2024-11-11 03:06:46,Hospet,22.42,62,3.16,overcast clouds
2024-11-11 03:07:46,Hospet,22.42,62,3.16,overcast clouds
2024-11-11 03:08:47,Hospet,22.42,62,3.16,overcast clouds
2024-11-11 03:09:47,Hospet,22.42,62,3.16,overcast clouds
2024-11-11 03:10:47,Hospet,22.42,62,3.16,overcast clouds
2024-11-11 03:11:48,Hospet,22.42,62,3.16,overcast clouds
2024-11-11 03:12:48,Hospet,22.42,62,3.16,overcast clouds
2024-11-11 03:13:48,Hospet,21.74,64,3.51,overcast clouds
2024-11-11 03:14:48,Hospet,21.74,64,3.51,overcast clouds
2024-11-11 03:15:49,Hospet,21.74,64,3.51,overcast clouds
2024-11-11 03:16:49,Hospet,21.74,64,3.51,overcast clouds
2024-11-11 03:17:49,Hospet,21.74,64,3.51,overcast clouds
2024-11-11 03:18:49,Hospet,21.74,64,3.51,overcast clouds
2024-11-11 03:19:49,Hospet,22.42,62,3.16,overcast clouds
2024-11-11 03:20:50,Hospet,22.42,62,3.16,overcast clouds
2024-11-11 03:21:50,Hospet,22.42,62,3.16,overcast clouds
2024-11-11 03:22:50,Hospet,22.42,62,3.16,overcast clouds
2024-11-11 03:23:51,Hospet,22.42,62,3.16,overcast clouds
2024-11-11 03:24:51,Hospet,22.42,62,3.16,overcast clouds
2024-11-11 03:25:52,Hospet,22.42,62,3.16,overcast clouds
2024-11-11 03:26:52,Hospet,22.42,62,3.16,overcast clouds
2024-11-11 03:27:52,Hospet,22.42,62,3.16,overcast clouds
2024-11-11 03:28:53,Hospet,22.42,62,3.16,overcast clouds
2024-11-11 03:29:53,Hospet,22.42,62,3.16,overcast clouds
2024-11-11 03:30:54,Hospet,21.74,64,3.51,overcast clouds
2024-11-11 03:31:54,Hospet,21.74,64,3.51,overcast clouds
2024-11-11 03:32:54,Hospet,21.74,64,3.51,overcast clouds
2024-11-11 03:33:54,Hospet,21.74,64,3.51,overcast clouds
2024-11-11 03:34:54,Hospet,22.42,62,3.16,overcast clouds
2024-11-11 03:35:55,Hospet,22.42,62,3.16,overcast clouds
2024-11-11 03:36:55,Hospet,22.42,62,3.16,overcast clouds
2024-11-11 03:37:56,Hospet,22.42,62,3.16,overcast clouds
2024-11-11 03:38:56,Hospet,22.42,62,3.16,overcast clouds
2024-11-11 03:39:56,Hospet,22.42,62,3.16,overcast clouds
2024-11-11 03:40:57,Hospet,22.42,62,3.16,overcast clouds
2024-11-11 03:41:57,Hospet,22.42,62,3.16,overcast clouds
2024-11-11 03:42:57,Hospet,22.42,62,3.16,overcast clouds
2024-11-11 03:43:57,Hospet,21.74,64,3.51,overcast clouds
2024-11-11 03:44:58,Hospet,21.74,64,3.51,overcast clouds
2024-11-11 03:45:58,Hospet,21.74,64,3.51,overcast clouds
2024-11-11 03:46:58,Hospet,21.74,64,3.51,overcast clouds
2024-11-11 03:47:58,Hospet,21.74,64,3.51,overcast clouds
2024-11-11 03:48:58,Hospet,22.42,62,3.16,overcast clouds
2024-11-11 03:49:59,Hospet,22.42,62,3.16,overcast clouds
2024-11-11 03:50:59,Hospet,22.42,62,3.16,overcast clouds
2024-11-11 03:52:00,Hospet,22.42,62,3.16,overcast clouds
2024-11-11 03:53:00,Hospet,22.42,62,3.16,overcast clouds
2024-11-11 03:54:00,Hospet,22.42,62,3.16,overcast clouds
2024-11-11 03:55:01,Hospet,22.42,62,3.16,overcast clouds
2024-11-11 03:56:01,Hospet,22.42,62,3.16,overcast clouds
2024-11-11 03:57:01,Hospet,22.42,62,3.16,overcast clouds
2024-11-11 03:58:02,Hospet,22.42,62,3.16,overcast clouds
2024-11-11 03:59:02,Hospet,22.42,62,3.16,overcast clouds
2024-11-11 04:00:02,Hospet,22.42,62,3.16,overcast clouds
2024-11-11 04:01:03,Hospet,22.42,62,3.16,overcast clouds
2024-11-11 04:02:03,Hospet,22.42,62,3.16,overcast clouds
2024-11-11 04:03:03,Hospet,22.42,62,3.16,overcast clouds
2024-11-11 04:04:04,Hospet,22.42,62,3.16,overcast clouds
2024-11-11 04:05:04,Hospet,22.42,62,3.16,overcast clouds
2024-11-11 04:06:04,Hospet,21.97,64,3.1,overcast clouds
2024-11-11 04:07:05,Hospet,21.97,64,3.1,overcast clouds
2024-11-11 04:08:05,Hospet,21.97,64,3.1,overcast clouds
2024-11-11 04:09:05,Hospet,21.97,64,3.1,overcast clouds
2024-11-11 04:10:06,Hospet,21.32,66,3.41,overcast clouds
2024-11-11 04:11:06,Hospet,21.32,66,3.41,overcast clouds
2024-11-11 04:12:06,Hospet,21.32,66,3.41,overcast clouds
2024-11-11 04:13:06,Hospet,21.32,66,3.41,overcast clouds
2024-11-11 04:14:06,Hospet,21.97,64,3.1,overcast clouds
2024-11-11 04:15:07,Hospet,21.97,64,3.1,overcast clouds
2024-11-11 04:16:07,Hospet,21.97,64,3.1,overcast clouds
2024-11-11 04:17:07,Hospet,21.97,64,3.1,overcast clouds
2024-11-11 04:18:08,Hospet,21.97,64,3.1,overcast clouds
2024-11-11 04:19:08,Hospet,21.97,64,3.1,overcast clouds
2024-11-11 04:20:08,Hospet,21.32,66,3.41,overcast clouds
2024-11-11 04:21:08,Hospet,21.32,66,3.41,overcast clouds
2024-11-11 04:22:09,Hospet,21.32,66,3.41,overcast clouds
2024-11-11 04:23:09,Hospet,21.32,66,3.41,overcast clouds
2024-11-11 04:24:09,Hospet,21.32,66,3.41,overcast clouds
2024-11-11 04:25:09,Hospet,21.32,66,3.41,overcast clouds
2024-11-11 04:26:09,Hospet,21.32,66,3.41,overcast clouds
2024-11-11 04:27:09,Hospet,21.32,66,3.41,overcast clouds
2024-11-11 04:28:10,Hospet,21.97,64,3.1,overcast clouds
2024-11-11 04:29:10,Hospet,21.97,64,3.1,overcast clouds
2024-11-11 04:30:10,Hospet,21.97,64,3.1,overcast clouds
2024-11-11 04:31:11,Hospet,21.97,64,3.1,overcast clouds
2024-11-11 04:32:11,Hospet,21.97,64,3.1,overcast clouds
2024-11-11 04:33:11,Hospet,21.97,64,3.1,overcast clouds
2024-11-11 04:34:12,Hospet,21.97,64,3.1,overcast clouds
2024-11-11 04:35:12,Hospet,21.97,64,3.1,overcast clouds
2024-11-11 04:36:12,Hospet,21.97,64,3.1,overcast clouds
2024-11-11 04:37:13,Hospet,21.32,66,3.41,overcast clouds
2024-11-11 04:38:13,Hospet,21.32,66,3.41,overcast clouds
2024-11-11 04:39:13,Hospet,21.32,66,3.41,overcast clouds
2024-11-11 04:40:13,Hospet,21.32,66,3.41,overcast clouds
2024-11-11 04:41:13,Hospet,21.32,66,3.41,overcast clouds
2024-11-11 04:42:13,Hospet,21.32,66,3.41,overcast clouds
2024-11-11 04:43:13,Hospet,21.32,66,3.41,overcast clouds
2024-11-11 04:44:14,Hospet,21.97,64,3.1,overcast clouds
2024-11-11 04:45:14,Hospet,21.97,64,3.1,overcast clouds
2024-11-11 04:46:14,Hospet,21.97,64,3.1,overcast clouds
2024-11-11 04:47:15,Hospet,21.97,64,3.1,overcast clouds
2024-11-11 04:48:15,Hospet,21.97,64,3.1,overcast clouds
2024-11-11 04:49:15,Hospet,21.97,64,3.1,overcast clouds
2024-11-11 04:50:16,Hospet,21.97,64,3.1,overcast clouds
2024-11-11 04:51:16,Hospet,21.97,64,3.1,overcast clouds
2024-11-11 04:52:17,Hospet,21.97,64,3.1,overcast clouds
2024-11-11 04:53:17,Hospet,21.97,64,3.1,overcast clouds
2024-11-11 04:54:17,Hospet,21.97,64,3.1,overcast clouds
2024-11-11 04:55:17,Hospet,21.32,66,3.41,overcast clouds
2024-11-11 04:56:18,Hospet,21.97,64,3.1,overcast clouds
2024-11-11 04:57:18,Hospet,21.97,64,3.1,overcast clouds
2024-11-11 04:58:18,Hospet,21.97,64,3.1,overcast clouds
2024-11-11 04:59:19,Hospet,21.97,64,3.1,overcast clouds
2024-11-11 05:00:19,Hospet,21.97,64,3.1,overcast clouds
2024-11-11 05:01:20,Hospet,21.97,64,3.1,overcast clouds
2024-11-11 05:02:20,Hospet,20.94,69,3.26,overcast clouds
2024-11-11 05:03:20,Hospet,20.94,69,3.26,overcast clouds
2024-11-11 05:04:20,Hospet,20.94,69,3.26,overcast clouds
2024-11-11 05:05:20,Hospet,20.94,69,3.26,overcast clouds
2024-11-11 05:06:20,Hospet,20.94,69,3.26,overcast clouds
2024-11-11 05:07:20,Hospet,20.94,69,3.26,overcast clouds
2024-11-11 05:08:21,Hospet,20.94,69,3.26,overcast clouds
2024-11-11 05:09:21,Hospet,20.94,69,3.26,overcast clouds
2024-11-11 05:10:21,Hospet,20.94,69,3.26,overcast clouds
2024-11-11 05:11:21,Hospet,20.94,69,3.26,overcast clouds
2024-11-11 05:12:21,Hospet,21.02,66,3.13,overcast clouds
2024-11-11 05:13:21,Hospet,21.02,66,3.13,overcast clouds
2024-11-11 05:14:22,Hospet,21.51,66,3.07,overcast clouds
2024-11-11 05:15:22,Hospet,21.51,66,3.07,overcast clouds
2024-11-11 05:16:22,Hospet,21.51,66,3.07,overcast clouds
2024-11-11 05:17:23,Hospet,21.51,66,3.07,overcast clouds
2024-11-11 05:18:23,Hospet,21.51,66,3.07,overcast clouds
2024-11-11 05:19:23,Hospet,21.51,66,3.07,overcast clouds
2024-11-11 05:20:24,Hospet,21.51,66,3.07,overcast clouds
2024-11-11 05:21:24,Hospet,21.51,66,3.07,overcast clouds
2024-11-11 05:22:25,Hospet,21.51,66,3.07,overcast clouds
2024-11-11 05:23:25,Hospet,21.51,66,3.07,overcast clouds
2024-11-11 05:24:25,Hospet,21.51,66,3.07,overcast clouds
2024-11-11 05:25:25,Hospet,21.02,66,3.13,overcast clouds
2024-11-11 05:26:26,Hospet,21.02,66,3.13,overcast clouds
2024-11-11 05:27:26,Hospet,21.02,66,3.13,overcast clouds
2024-11-11 05:28:26,Hospet,21.02,66,3.13,overcast clouds
2024-11-11 05:29:26,Hospet,21.02,66,3.13,overcast clouds
2024-11-11 05:30:26,Hospet,21.51,66,3.07,overcast clouds
2024-11-11 05:31:27,Hospet,21.51,66,3.07,overcast clouds
2024-11-11 05:32:27,Hospet,21.51,66,3.07,overcast clouds
2024-11-11 05:33:27,Hospet,21.51,66,3.07,overcast clouds
2024-11-11 05:34:27,Hospet,21.02,66,3.13,overcast clouds
2024-11-11 05:35:28,Hospet,21.51,66,3.07,overcast clouds
2024-11-11 05:36:28,Hospet,20.94,69,3.26,overcast clouds
2024-11-11 05:37:28,Hospet,20.94,69,3.26,overcast clouds
2024-11-11 05:38:28,Hospet,20.94,69,3.26,overcast clouds
2024-11-11 05:39:28,Hospet,20.94,69,3.26,overcast clouds
2024-11-11 05:40:29,Hospet,20.94,69,3.26,overcast clouds
2024-11-11 05:41:29,Hospet,20.94,69,3.26,overcast clouds
2024-11-11 05:42:36,Hospet,20.94,69,3.26,overcast clouds
2024-11-11 05:43:36,Hospet,20.94,69,3.26,overcast clouds
2024-11-11 05:44:36,Hospet,20.94,69,3.26,overcast clouds
2024-11-11 05:45:36,Hospet,20.94,69,3.26,overcast clouds
2024-11-11 05:46:37,Hospet,21.02,66,3.13,overcast clouds
2024-11-11 05:47:37,Hospet,21.02,66,3.13,overcast clouds
2024-11-11 05:48:37,Hospet,21.02,66,3.13,overcast clouds
2024-11-11 05:49:37,Hospet,21.02,66,3.13,overcast clouds
2024-11-11 05:50:37,Hospet,21.51,66,3.07,overcast clouds
2024-11-11 05:51:38,Hospet,21.51,66,3.07,overcast clouds
2024-11-11 05:52:38,Hospet,21.51,66,3.07,overcast clouds
2024-11-11 05:53:38,Hospet,21.51,66,3.07,overcast clouds
2024-11-11 05:54:39,Hospet,21.51,66,3.07,overcast clouds
2024-11-11 05:55:39,Hospet,21.51,66,3.07,overcast clouds
2024-11-11 05:56:39,Hospet,21.51,66,3.07,overcast clouds
2024-11-11 05:57:40,Hospet,21.51,66,3.07,overcast clouds
2024-11-11 05:58:40,Hospet,21.51,66,3.07,overcast clouds
2024-11-11 05:59:40,Hospet,21.51,66,3.07,overcast clouds
2024-11-11 06:00:41,Hospet,21.24,68,3.15,overcast clouds
2024-11-11 06:01:41,Hospet,21.24,68,3.15,overcast clouds
2024-11-11 06:02:42,Hospet,21.24,68,3.15,overcast clouds
2024-11-11 06:03:42,Hospet,21.24,68,3.15,overcast clouds
2024-11-11 06:04:42,Hospet,21.24,68,3.15,overcast clouds
2024-11-11 06:05:43,Hospet,21.24,68,3.15,overcast clouds
2024-11-11 06:06:43,Hospet,21.24,68,3.15,overcast clouds
2024-11-11 06:07:43,Hospet,21.24,68,3.15,overcast clouds
2024-11-11 06:08:44,Hospet,21.24,68,3.15,overcast clouds
2024-11-11 06:09:44,Hospet,21.24,68,3.15,overcast clouds
2024-11-11 06:10:44,Hospet,21.24,68,3.15,overcast clouds
2024-11-11 06:11:45,Hospet,21.24,68,3.15,overcast clouds
2024-11-11 06:12:45,Hospet,21.24,68,3.15,overcast clouds
2024-11-11 06:13:45,Hospet,21.24,68,3.15,overcast clouds
2024-11-11 06:14:46,Hospet,21.24,68,3.15,overcast clouds
2024-11-11 06:15:46,Hospet,21.24,68,3.15,overcast clouds
2024-11-11 06:16:46,Hospet,21.24,68,3.15,overcast clouds
2024-11-11 06:17:47,Hospet,21.24,68,3.15,overcast clouds
2024-11-11 06:18:47,Hospet,21.24,68,3.15,overcast clouds
2024-11-11 06:19:47,Hospet,21.24,68,3.15,overcast clouds
2024-11-11 06:20:48,Hospet,21.24,68,3.15,overcast clouds
2024-11-11 06:21:48,Hospet,21.24,68,3.15,overcast clouds
2024-11-11 06:22:48,Hospet,21.24,68,3.15,overcast clouds
2024-11-11 06:23:49,Hospet,21.24,68,3.15,overcast clouds
